{"loss": [2.68707, 2.31746, 2.00887, 1.84711, 1.7995, 1.68503, 1.67093, 1.59009, 1.56506, 1.49329, 1.14645, 1.09858, 1.07157, 1.04587, 1.00788, 0.98277, 0.96719, 0.96383, 0.95674, 0.92192, 0.91954, 0.91403, 0.91646, 0.8783], "accuracy": [0.27953, 0.43082, 0.52678, 0.57356, 0.57065, 0.6225, 0.60428, 0.63779, 0.6507, 0.6796, 0.78716, 0.79424, 0.79929, 0.81193, 0.82406, 0.83215, 0.84479, 0.84176, 0.84934, 0.86047, 0.87209, 0.86047, 0.85895, 0.88271], "val_loss": [2.39308, 2.0632, 1.82023, 1.72555, 1.5922, 1.56712, 1.54746, 1.4742, 1.43939, 1.38613, 1.34249, 1.32107, 1.30546, 1.27611, 1.24515, 1.26132, 1.23637, 1.23601, 1.24246, 1.21143, 1.1992, 1.22096, 1.19872, 1.18705], "val_accuracy": [0.53258, 0.64662, 0.72682, 0.71303, 0.77945, 0.75188, 0.76942, 0.78947, 0.79699, 0.80952, 0.82456, 0.81955, 0.83835, 0.84712, 0.85714, 0.85213, 0.8584, 0.8584, 0.86591, 0.86967, 0.87594, 0.86717, 0.87218, 0.87343], "lr": [0.0005, 0.0005, 0.0005, 0.0005, 0.0005, 0.0005, 0.0005, 0.0005, 0.0005, 2e-05, 2e-05, 2e-05, 2e-05, 2e-05, 2e-05, 2e-05, 2e-05, 2e-05, 2e-05, 2e-05, 2e-05, 2e-05, 2e-05, 2e-05], "best_epoch": 21, "best_val_accuracy": 0.87594, "best_val_loss": 1.1992, "class_weighting": "enabled", "class_weight_mode": "auto", "imbalance_ratio": 8.154, "temperature": 0.6, "sampler": "standard"}