{"loss": [2.72947, 2.3509, 2.1011, 1.90798, 1.86307, 1.73765, 1.6484, 1.65051, 1.62349, 1.52676, 1.18435, 1.12455, 1.08116, 1.06507, 1.05391, 1.01032, 1.01123, 0.98638, 0.98112, 0.98587, 0.9306, 0.95477, 0.95582, 0.94636], "accuracy": [0.23588, 0.43132, 0.50512, 0.57499, 0.56649, 0.60868, 0.60686, 0.62666, 0.61628, 0.6499, 0.75733, 0.78311, 0.79525, 0.8003, 0.79474, 0.82609, 0.82255, 0.82861, 0.83771, 0.82659, 0.8458, 0.8458, 0.84833, 0.85945], "val_loss": [2.48051, 2.14353, 1.91774, 1.72456, 1.63978, 1.58191, 1.5432, 1.4486, 1.46007, 1.43822, 1.38513, 1.34428, 1.3281, 1.30282, 1.28457, 1.26185, 1.27522, 1.27339, 1.23521, 1.26091, 1.24252, 1.22275, 1.25151, 1.24145], "val_accuracy": [0.57143, 0.62155, 0.68421, 0.76065, 0.76566, 0.76942, 0.77569, 0.80952, 0.78697, 0.81078, 0.81203, 0.82206, 0.82957, 0.84085, 0.83333, 0.84837, 0.84962, 0.83835, 0.85589, 0.84837, 0.85965, 0.86842, 0.85464, 0.85338], "lr": [0.0005, 0.0005, 0.0005, 0.0005, 0.0005, 0.0005, 0.0005, 0.0005, 0.0005, 2e-05, 2e-05, 2e-05, 2e-05, 2e-05, 2e-05, 2e-05, 2e-05, 1e-05, 1e-05, 1e-05, 5e-06, 5e-06, 5e-06, 2.5e-06], "best_epoch": 22, "best_val_accuracy": 0.86842, "best_val_loss": 1.22275, "class_weighting": "enabled", "class_weight_mode": "auto", "imbalance_ratio": 8.154, "temperature": 0.6, "sampler": "standard"}